equipment_id,equipment_type,brand,model,year_manufactured,purchase_date,purchase_cost,current_status,operating_hours,last_service_date,next_service_due,location,created_at,updated_at
HRV-001,Harvester,CLAAS,TC5.80,2015,2016-10-27,708273.89,Active,2293,2025-09-13,2025-12-24,Hangar Principal,2025-11-02 19:53:24,2025-11-02 19:53:24
HRV-002,Harvester,John Deere,TUCANO 450,2021,2022-03-23,866345.03,Active,978,2025-08-06,2025-10-27,Verger (Cap Bon),2025-11-02 19:53:24,2025-11-02 19:53:24
HRV-003,Harvester,CLAAS,S660,2022,2022-02-22,982507.52,Active,708,2025-08-21,2025-10-30,Champ Nord (Béja),2025-11-02 19:53:24,2025-11-02 19:53:24
HRV-004,Harvester,Case IH,TUCANO 450,2016,2016-03-03,741597.23,Active,2380,2025-08-04,2025-11-08,Champ Nord (Béja),2025-11-02 19:53:24,2025-11-02 19:53:24
HRV-005,Harvester,Case IH,TUCANO 450,2018,2019-06-15,1057850.68,Active,1801,2025-09-08,2025-11-27,Oliveraie (Sfax),2025-11-02 19:53:24,2025-11-02 19:53:24
HRV-006,Harvester,John Deere,Axial-Flow 6140,2015,2015-01-24,711628.83,Under Maintenance,2517,2025-11-01,2026-01-16,Hangar Principal,2025-11-02 19:53:24,2025-11-02 19:53:24
HRV-007,Harvester,CLAAS,Axial-Flow 6140,2016,2017-12-16,720107.0,Active,1922,2025-09-22,2026-01-17,Serre (Nabeul),2025-11-02 19:53:24,2025-11-02 19:53:24
HRV-008,Harvester,CLAAS,TC5.80,2018,2019-11-12,1025724.29,Active,1784,2025-09-14,2026-01-06,Parcelle Est (Jendouba),2025-11-02 19:53:24,2025-11-02 19:53:24
HRV-009,Harvester,Case IH,S660,2021,2021-02-07,1075239.4,Active,894,2025-09-10,2025-12-14,Verger (Cap Bon),2025-11-02 19:53:24,2025-11-02 19:53:24
HRV-010,Harvester,John Deere,TUCANO 450,2024,2024-10-03,639448.86,Active,239,2025-09-03,2025-12-05,Dépôt Matériel,2025-11-02 19:53:24,2025-11-02 19:53:24
HRV-011,Harvester,CLAAS,TC5.80,2019,2019-06-21,644499.01,Active,1479,2025-09-25,2026-01-19,Champ Céréales (Manouba),2025-11-02 19:53:24,2025-11-02 19:53:24
HRV-012,Harvester,Case IH,Axial-Flow 6140,2014,2015-09-28,633247.71,Active,2336,2025-09-23,2025-12-02,Atelier Mécanique,2025-11-02 19:53:24,2025-11-02 19:53:24
HRV-013,Harvester,Case IH,S660,2017,2018-02-09,717781.15,Active,2365,2025-08-24,2025-11-11,Verger (Cap Bon),2025-11-02 19:53:24,2025-11-02 19:53:24
HRV-014,Harvester,New Holland,Axial-Flow 6140,2022,2022-03-22,974687.51,Active,870,2025-08-05,2025-11-09,Champ Nord (Béja),2025-11-02 19:53:24,2025-11-02 19:53:24
HRV-015,Harvester,New Holland,TC5.80,2017,2017-11-25,946062.74,Active,2120,2025-09-07,2025-12-15,Oliveraie (Sfax),2025-11-02 19:53:24,2025-11-02 19:53:24
HRV-016,Harvester,New Holland,TUCANO 450,2016,2017-11-10,889766.89,Active,2524,2025-09-14,2025-12-12,Champ Sud (Kairouan),2025-11-02 19:53:24,2025-11-02 19:53:24
HRV-017,Harvester,New Holland,Axial-Flow 6140,2021,2022-07-16,878665.29,Active,936,2025-08-09,2025-11-22,Atelier Mécanique,2025-11-02 19:53:24,2025-11-02 19:53:24
HRV-018,Harvester,John Deere,TUCANO 450,2017,2017-06-17,936990.73,Active,1855,2025-09-16,2025-12-13,Parcelle Ouest (Siliana),2025-11-02 19:53:24,2025-11-02 19:53:24
HRV-019,Harvester,Case IH,TC5.80,2017,2017-05-13,1118498.31,Retired,1934,2025-03-27,,Atelier Mécanique,2025-11-02 19:53:24,2025-11-02 19:53:24
HRV-020,Harvester,John Deere,Axial-Flow 6140,2022,2022-08-17,880089.07,Active,863,2025-09-28,2026-01-26,Dépôt Matériel,2025-11-02 19:53:24,2025-11-02 19:53:24
HRV-021,Harvester,CLAAS,Axial-Flow 6140,2016,2016-10-12,629194.88,Active,2053,2025-08-11,2025-11-20,Oliveraie (Sfax),2025-11-02 19:53:24,2025-11-02 19:53:24
HRV-022,Harvester,CLAAS,S660,2015,2015-02-14,680360.97,Active,2264,2025-09-08,2025-11-30,Champ Nord (Béja),2025-11-02 19:53:24,2025-11-02 19:53:24
HRV-023,Harvester,CLAAS,TC5.80,2013,2013-06-18,773161.02,Active,2863,2025-08-29,2025-11-14,Verger (Cap Bon),2025-11-02 19:53:24,2025-11-02 19:53:24
HRV-024,Harvester,New Holland,Axial-Flow 6140,2013,2013-07-12,1076938.34,Under Maintenance,2806,2025-10-26,2026-01-03,Parcelle Ouest (Siliana),2025-11-02 19:53:24,2025-11-02 19:53:24
HRV-025,Harvester,CLAAS,TC5.80,2023,2023-01-05,1028155.11,Active,560,2025-09-24,2025-12-31,Champ Céréales (Manouba),2025-11-02 19:53:24,2025-11-02 19:53:24
HRV-026,Harvester,Case IH,S660,2021,2022-03-13,1194369.44,Active,1095,2025-09-12,2025-12-13,Champ Céréales (Manouba),2025-11-02 19:53:24,2025-11-02 19:53:24
HRV-027,Harvester,CLAAS,S660,2015,2016-01-12,798743.76,Active,2109,2025-09-14,2026-01-02,Serre (Nabeul),2025-11-02 19:53:24,2025-11-02 19:53:24
HRV-028,Harvester,New Holland,TUCANO 450,2015,2016-11-26,1183234.12,Active,2578,2025-09-30,2026-01-05,Zone Irrigation (Bizerte),2025-11-02 19:53:24,2025-11-02 19:53:24
HRV-029,Harvester,Case IH,TUCANO 450,2015,2015-11-08,618942.31,Active,2948,2025-10-02,2025-12-29,Atelier Mécanique,2025-11-02 19:53:24,2025-11-02 19:53:24
HRV-030,Harvester,CLAAS,Axial-Flow 6140,2005,2006-12-07,846226.45,Under Maintenance,5549,2025-10-26,2026-02-17,Serre (Nabeul),2025-11-02 19:53:24,2025-11-02 19:53:24
HRV-031,Harvester,New Holland,Axial-Flow 6140,2015,2015-09-11,1198873.72,Active,2478,2025-09-22,2025-12-20,Champ Céréales (Manouba),2025-11-02 19:53:24,2025-11-02 19:53:24
HRV-032,Harvester,John Deere,S660,2013,2014-10-16,715358.5,Active,2695,2025-09-19,2026-01-17,Hangar Principal,2025-11-02 19:53:24,2025-11-02 19:53:24
HRV-033,Harvester,John Deere,Axial-Flow 6140,2014,2015-06-16,809281.9,Active,3227,2025-09-16,2025-12-03,Champ Sud (Kairouan),2025-11-02 19:53:24,2025-11-02 19:53:24
HRV-034,Harvester,CLAAS,TUCANO 450,2015,2016-03-10,625239.89,Active,2955,2025-08-05,2025-11-01,Oliveraie (Sfax),2025-11-02 19:53:24,2025-11-02 19:53:24
HRV-035,Harvester,John Deere,TUCANO 450,2019,2019-04-27,923146.75,Active,1759,2025-09-25,2025-11-30,Verger (Cap Bon),2025-11-02 19:53:24,2025-11-02 19:53:24
HRV-036,Harvester,Case IH,Axial-Flow 6140,2014,2014-11-17,735402.99,Active,2456,2025-09-12,2025-12-26,Zone Irrigation (Bizerte),2025-11-02 19:53:24,2025-11-02 19:53:24
HRV-037,Harvester,New Holland,Axial-Flow 6140,2021,2021-09-06,844144.47,Under Maintenance,1174,2025-10-29,2026-02-07,Parcelle Ouest (Siliana),2025-11-02 19:53:24,2025-11-02 19:53:24
HRV-038,Harvester,John Deere,S660,2018,2019-11-02,1144762.18,Active,1462,2025-08-30,2025-12-15,Serre (Nabeul),2025-11-02 19:53:24,2025-11-02 19:53:24
HRV-039,Harvester,New Holland,Axial-Flow 6140,2019,2020-03-02,1198303.08,Active,1438,2025-08-05,2025-11-20,Hangar Principal,2025-11-02 19:53:24,2025-11-02 19:53:24
HRV-040,Harvester,New Holland,TC5.80,2017,2018-10-20,664380.41,Active,2386,2025-08-23,2025-11-25,Champ Céréales (Manouba),2025-11-02 19:53:24,2025-11-02 19:53:24
HRV-041,Harvester,CLAAS,Axial-Flow 6140,2008,2009-05-07,1085288.33,Active,3962,2025-08-23,2025-11-07,Serre (Nabeul),2025-11-02 19:53:24,2025-11-02 19:53:24
HRV-042,Harvester,Case IH,TC5.80,2024,2025-05-19,1004640.68,Active,219,2025-08-24,2025-12-19,Dépôt Matériel,2025-11-02 19:53:24,2025-11-02 19:53:24
HRV-043,Harvester,CLAAS,S660,2015,2015-07-22,657231.06,Active,2981,2025-08-05,2025-10-19,Champ Nord (Béja),2025-11-02 19:53:24,2025-11-02 19:53:24
HRV-044,Harvester,John Deere,TUCANO 450,2024,2024-08-25,760196.6,Active,232,2025-08-28,2025-10-27,Hangar Principal,2025-11-02 19:53:24,2025-11-02 19:53:24
HRV-045,Harvester,John Deere,Axial-Flow 6140,2019,2019-11-04,879236.99,Active,1295,2025-08-05,2025-11-30,Serre (Nabeul),2025-11-02 19:53:24,2025-11-02 19:53:24
HRV-046,Harvester,John Deere,TC5.80,2013,2014-06-20,732509.54,Active,3548,2025-09-04,2025-12-20,Verger (Cap Bon),2025-11-02 19:53:24,2025-11-02 19:53:24
HRV-047,Harvester,John Deere,TUCANO 450,2017,2018-09-26,998456.66,Active,1774,2025-08-16,2025-11-22,Champ Sud (Kairouan),2025-11-02 19:53:24,2025-11-02 19:53:24
HRV-048,Harvester,CLAAS,S660,2022,2022-10-04,637054.83,Active,764,2025-08-28,2025-11-30,Parcelle Est (Jendouba),2025-11-02 19:53:24,2025-11-02 19:53:24
HRV-049,Harvester,Case IH,S660,2020,2021-02-22,723240.89,Active,1291,2025-09-01,2025-11-28,Champ Nord (Béja),2025-11-02 19:53:24,2025-11-02 19:53:24
HRV-050,Harvester,CLAAS,Axial-Flow 6140,2015,2016-08-19,634642.07,Active,2462,2025-08-18,2025-10-18,Dépôt Matériel,2025-11-02 19:53:24,2025-11-02 19:53:24
HRV-051,Harvester,John Deere,TC5.80,2020,2020-10-03,627173.88,Active,1172,2025-09-30,2026-01-27,Champ Sud (Kairouan),2025-11-02 19:53:24,2025-11-02 19:53:24
HRV-052,Harvester,CLAAS,TC5.80,2017,2018-07-06,1061383.24,Retired,2212,2024-11-22,,Dépôt Matériel,2025-11-02 19:53:24,2025-11-02 19:53:24
HRV-053,Harvester,John Deere,TUCANO 450,2017,2018-07-13,648150.0,Under Maintenance,2371,2025-10-31,2026-02-09,Atelier Mécanique,2025-11-02 19:53:24,2025-11-02 19:53:24
HRV-054,Harvester,New Holland,Axial-Flow 6140,2020,2021-09-05,1036714.88,Active,1111,2025-10-02,2025-12-20,Zone Irrigation (Bizerte),2025-11-02 19:53:24,2025-11-02 19:53:24
HRV-055,Harvester,CLAAS,TUCANO 450,2009,2009-04-15,807695.84,Under Maintenance,3641,2025-10-27,2026-02-12,Champ Sud (Kairouan),2025-11-02 19:53:24,2025-11-02 19:53:24
HRV-056,Harvester,New Holland,TUCANO 450,2015,2015-04-07,640374.54,Active,2593,2025-08-21,2025-12-04,Champ Nord (Béja),2025-11-02 19:53:24,2025-11-02 19:53:24
HRV-057,Harvester,Case IH,TC5.80,2024,2025-08-08,923855.89,Active,275,2025-09-25,2025-12-26,Hangar Principal,2025-11-02 19:53:24,2025-11-02 19:53:24
HRV-058,Harvester,Case IH,S660,2017,2018-04-10,1125754.99,Active,2388,2025-09-07,2025-11-25,Hangar Principal,2025-11-02 19:53:24,2025-11-02 19:53:24
HRV-059,Harvester,New Holland,Axial-Flow 6140,2020,2021-09-16,628130.46,Active,1172,2025-09-09,2025-12-28,Champ Céréales (Manouba),2025-11-02 19:53:24,2025-11-02 19:53:24
HRV-060,Harvester,John Deere,TUCANO 450,2014,2015-03-10,825876.11,Active,3029,2025-08-10,2025-10-23,Hangar Principal,2025-11-02 19:53:24,2025-11-02 19:53:24
IRR-001,Irrigation System,Reinke,UniRam,2021,2021-09-14,117422.9,Active,7569,2025-09-18,2025-12-03,Parcelle Ouest (Siliana),2025-11-02 19:53:24,2025-11-02 19:53:24
IRR-002,Irrigation System,Irritec,Pivot 8000,2018,2019-06-03,82850.84,Active,14656,2025-09-09,2025-12-21,Verger (Cap Bon),2025-11-02 19:53:24,2025-11-02 19:53:24
IRR-003,Irrigation System,Rivulis,Pivot 8000,2015,2015-04-26,100935.71,Active,20159,2025-09-03,2025-11-15,Atelier Mécanique,2025-11-02 19:53:24,2025-11-02 19:53:24
IRR-004,Irrigation System,Irritec,Pivot 8000,2014,2014-04-24,49385.3,Active,24416,2025-09-18,2025-12-31,Verger (Cap Bon),2025-11-02 19:53:24,2025-11-02 19:53:24
IRR-005,Irrigation System,Reinke,UniRam,2022,2022-09-11,102041.11,Active,5285,2025-09-11,2025-11-29,Hangar Principal,2025-11-02 19:53:24,2025-11-02 19:53:24
IRR-006,Irrigation System,Irritec,T-Tape,2019,2020-08-04,104225.33,Active,12087,2025-09-13,2026-01-09,Parcelle Ouest (Siliana),2025-11-02 19:53:24,2025-11-02 19:53:24
IRR-007,Irrigation System,Irritec,Drip System Pro,2019,2020-01-19,109126.79,Active,12171,2025-08-29,2025-12-26,Verger (Cap Bon),2025-11-02 19:53:24,2025-11-02 19:53:24
IRR-008,Irrigation System,Rivulis,UniRam,2020,2021-03-07,66389.22,Active,8805,2025-09-02,2025-12-06,Oliveraie (Sfax),2025-11-02 19:53:24,2025-11-02 19:53:24
IRR-009,Irrigation System,Irritec,Drip System Pro,2010,2011-12-21,99167.53,Active,27315,2025-09-11,2025-11-20,Parcelle Est (Jendouba),2025-11-02 19:53:24,2025-11-02 19:53:24
IRR-010,Irrigation System,Rivulis,UniRam,2016,2016-09-21,116578.95,Active,16809,2025-09-29,2026-01-27,Oliveraie (Sfax),2025-11-02 19:53:24,2025-11-02 19:53:24
IRR-011,Irrigation System,Valley,Pivot 8000,2023,2024-03-27,90456.13,Active,3060,2025-09-20,2025-12-21,Zone Irrigation (Bizerte),2025-11-02 19:53:24,2025-11-02 19:53:24
IRR-012,Irrigation System,Irritec,Pivot 8000,2014,2015-11-16,41258.54,Active,20612,2025-10-02,2026-01-03,Serre (Nabeul),2025-11-02 19:53:24,2025-11-02 19:53:24
IRR-013,Irrigation System,Irritec,T-Tape,2009,2010-01-17,105052.58,Active,31660,2025-08-06,2025-10-16,Champ Sud (Kairouan),2025-11-02 19:53:24,2025-11-02 19:53:24
IRR-014,Irrigation System,Valley,T-Tape,2013,2013-04-07,89582.47,Active,20001,2025-08-14,2025-11-07,Champ Sud (Kairouan),2025-11-02 19:53:24,2025-11-02 19:53:24
IRR-015,Irrigation System,Irritec,UniRam,2024,2025-10-08,119218.64,Active,1647,2025-08-10,2025-10-14,Oliveraie (Sfax),2025-11-02 19:53:24,2025-11-02 19:53:24
IRR-016,Irrigation System,Valley,Pivot 8000,2019,2020-07-13,84216.12,Active,9129,2025-09-23,2025-11-27,Zone Irrigation (Bizerte),2025-11-02 19:53:24,2025-11-02 19:53:24
IRR-017,Irrigation System,Netafim,Drip System Pro,2012,2012-09-02,58381.32,Active,27910,2025-08-28,2025-11-26,Hangar Principal,2025-11-02 19:53:24,2025-11-02 19:53:24
IRR-018,Irrigation System,Valley,Pivot 8000,2020,2021-09-19,92648.74,Under Maintenance,8063,2025-11-01,2026-01-13,Verger (Cap Bon),2025-11-02 19:53:24,2025-11-02 19:53:24
IRR-019,Irrigation System,Reinke,UniRam,2016,2016-05-06,85116.66,Active,17094,2025-08-21,2025-12-16,Champ Céréales (Manouba),2025-11-02 19:53:24,2025-11-02 19:53:24
IRR-020,Irrigation System,Irritec,UniRam,2014,2014-12-24,46274.22,Active,22348,2025-09-27,2025-12-23,Parcelle Ouest (Siliana),2025-11-02 19:53:24,2025-11-02 19:53:24
IRR-021,Irrigation System,Valley,Drip System Pro,2021,2022-06-01,90729.84,Active,8239,2025-09-19,2025-12-10,Champ Céréales (Manouba),2025-11-02 19:53:24,2025-11-02 19:53:24
IRR-022,Irrigation System,Netafim,UniRam,2018,2018-11-19,92853.75,Active,10803,2025-08-13,2025-10-27,Serre (Nabeul),2025-11-02 19:53:24,2025-11-02 19:53:24
IRR-023,Irrigation System,Valley,Pivot 8000,2024,2025-03-13,96934.17,Active,1949,2025-09-13,2025-12-05,Champ Sud (Kairouan),2025-11-02 19:53:24,2025-11-02 19:53:24
IRR-024,Irrigation System,Valley,Pivot 8000,2022,2023-08-12,100907.72,Active,4666,2025-09-06,2025-12-03,Champ Céréales (Manouba),2025-11-02 19:53:24,2025-11-02 19:53:24
IRR-025,Irrigation System,Rivulis,T-Tape,2019,2020-02-01,47169.51,Active,11340,2025-08-14,2025-11-02,Dépôt Matériel,2025-11-02 19:53:24,2025-11-02 19:53:24
IRR-026,Irrigation System,Valley,Drip System Pro,2022,2023-07-25,46775.96,Under Maintenance,6440,2025-10-31,2026-02-04,Champ Céréales (Manouba),2025-11-02 19:53:24,2025-11-02 19:53:24
IRR-027,Irrigation System,Reinke,UniRam,2011,2011-03-09,64090.5,Active,25828,2025-09-06,2025-11-22,Dépôt Matériel,2025-11-02 19:53:24,2025-11-02 19:53:24
IRR-028,Irrigation System,Irritec,UniRam,2023,2023-06-09,115537.78,Active,4026,2025-08-25,2025-11-05,Zone Irrigation (Bizerte),2025-11-02 19:53:24,2025-11-02 19:53:24
IRR-029,Irrigation System,Valley,RPM,2019,2020-01-13,66577.38,Active,11633,2025-09-12,2025-12-09,Atelier Mécanique,2025-11-02 19:53:24,2025-11-02 19:53:24
IRR-030,Irrigation System,Netafim,T-Tape,2017,2017-05-11,88256.9,Active,15956,2025-09-22,2025-12-16,Atelier Mécanique,2025-11-02 19:53:24,2025-11-02 19:53:24
IRR-031,Irrigation System,Irritec,UniRam,2012,2012-06-13,62424.01,Active,26800,2025-08-05,2025-11-09,Parcelle Ouest (Siliana),2025-11-02 19:53:24,2025-11-02 19:53:24
IRR-032,Irrigation System,Rivulis,T-Tape,2023,2023-11-25,84007.93,Active,4370,2025-08-19,2025-10-31,Zone Irrigation (Bizerte),2025-11-02 19:53:24,2025-11-02 19:53:24
IRR-033,Irrigation System,Irritec,Pivot 8000,2013,2014-11-16,51134.33,Active,20449,2025-09-24,2026-01-07,Dépôt Matériel,2025-11-02 19:53:24,2025-11-02 19:53:24
IRR-034,Irrigation System,Netafim,Pivot 8000,2017,2018-10-16,86579.52,Under Maintenance,15003,2025-10-26,2026-02-07,Dépôt Matériel,2025-11-02 19:53:24,2025-11-02 19:53:24
IRR-035,Irrigation System,Rivulis,Pivot 8000,2021,2022-12-26,82952.48,Active,7809,2025-08-15,2025-10-29,Oliveraie (Sfax),2025-11-02 19:53:24,2025-11-02 19:53:24
IRR-036,Irrigation System,Irritec,RPM,2016,2016-10-21,94197.75,Active,15981,2025-08-14,2025-11-09,Champ Sud (Kairouan),2025-11-02 19:53:24,2025-11-02 19:53:24
IRR-037,Irrigation System,Valley,Pivot 8000,2017,2018-04-17,99748.24,Active,15143,2025-09-19,2025-12-16,Atelier Mécanique,2025-11-02 19:53:24,2025-11-02 19:53:24
IRR-038,Irrigation System,Netafim,UniRam,2020,2020-06-01,78621.69,Under Maintenance,8493,2025-11-01,2026-01-07,Serre (Nabeul),2025-11-02 19:53:24,2025-11-02 19:53:24
IRR-039,Irrigation System,Reinke,Drip System Pro,2017,2018-06-15,102741.6,Active,14924,2025-09-27,2025-12-24,Serre (Nabeul),2025-11-02 19:53:24,2025-11-02 19:53:24
IRR-040,Irrigation System,Netafim,Drip System Pro,2019,2019-05-02,104814.87,Active,9390,2025-08-23,2025-10-28,Oliveraie (Sfax),2025-11-02 19:53:24,2025-11-02 19:53:24
IRR-041,Irrigation System,Reinke,RPM,2017,2017-09-06,66479.17,Active,14364,2025-08-13,2025-11-06,Oliveraie (Sfax),2025-11-02 19:53:24,2025-11-02 19:53:24
IRR-042,Irrigation System,Reinke,RPM,2015,2016-07-01,98991.07,Active,21334,2025-09-06,2025-11-29,Champ Nord (Béja),2025-11-02 19:53:24,2025-11-02 19:53:24
IRR-043,Irrigation System,Reinke,RPM,2011,2012-12-26,103680.64,Active,26701,2025-08-30,2025-11-09,Atelier Mécanique,2025-11-02 19:53:24,2025-11-02 19:53:24
IRR-044,Irrigation System,Irritec,RPM,2022,2023-02-09,93656.11,Retired,5526,2025-02-15,,Verger (Cap Bon),2025-11-02 19:53:24,2025-11-02 19:53:24
IRR-045,Irrigation System,Netafim,T-Tape,2009,2010-10-04,67833.97,Active,33690,2025-08-12,2025-11-23,Serre (Nabeul),2025-11-02 19:53:24,2025-11-02 19:53:24
IRR-046,Irrigation System,Irritec,T-Tape,2024,2024-11-05,65054.86,Active,1656,2025-09-10,2025-12-23,Parcelle Est (Jendouba),2025-11-02 19:53:24,2025-11-02 19:53:24
IRR-047,Irrigation System,Rivulis,UniRam,2018,2019-10-05,85984.48,Active,12551,2025-08-30,2025-12-12,Oliveraie (Sfax),2025-11-02 19:53:24,2025-11-02 19:53:24
IRR-048,Irrigation System,Reinke,T-Tape,2015,2015-08-10,51223.72,Active,17127,2025-09-30,2026-01-23,Atelier Mécanique,2025-11-02 19:53:24,2025-11-02 19:53:24
IRR-049,Irrigation System,Valley,UniRam,2016,2016-04-27,70715.53,Active,17060,2025-09-07,2025-12-19,Zone Irrigation (Bizerte),2025-11-02 19:53:24,2025-11-02 19:53:24
IRR-050,Irrigation System,Netafim,UniRam,2020,2021-03-03,85231.82,Active,10344,2025-10-01,2025-12-17,Parcelle Ouest (Siliana),2025-11-02 19:53:24,2025-11-02 19:53:24
IRR-051,Irrigation System,Rivulis,Drip System Pro,2018,2018-08-19,99401.46,Active,14327,2025-09-26,2025-12-31,Champ Sud (Kairouan),2025-11-02 19:53:24,2025-11-02 19:53:24
IRR-052,Irrigation System,Irritec,T-Tape,2019,2020-09-27,100542.9,Active,12254,2025-09-20,2025-12-16,Champ Sud (Kairouan),2025-11-02 19:53:24,2025-11-02 19:53:24
IRR-053,Irrigation System,Reinke,Drip System Pro,2020,2020-08-09,67886.16,Active,10421,2025-09-26,2026-01-13,Parcelle Ouest (Siliana),2025-11-02 19:53:24,2025-11-02 19:53:24
IRR-054,Irrigation System,Reinke,T-Tape,2014,2015-12-20,90621.65,Active,17631,2025-09-20,2026-01-10,Parcelle Ouest (Siliana),2025-11-02 19:53:24,2025-11-02 19:53:24
IRR-055,Irrigation System,Valley,T-Tape,2016,2017-09-09,87748.61,Retired,14441,2025-02-21,,Hangar Principal,2025-11-02 19:53:24,2025-11-02 19:53:24
IRR-056,Irrigation System,Rivulis,Drip System Pro,2020,2020-03-25,102855.28,Retired,10799,2024-11-20,,Parcelle Est (Jendouba),2025-11-02 19:53:24,2025-11-02 19:53:24
IRR-057,Irrigation System,Reinke,RPM,2014,2014-12-11,106278.54,Active,22478,2025-09-02,2025-11-10,Verger (Cap Bon),2025-11-02 19:53:24,2025-11-02 19:53:24
IRR-058,Irrigation System,Irritec,UniRam,2016,2017-08-03,90690.22,Active,19181,2025-09-01,2025-12-17,Hangar Principal,2025-11-02 19:53:24,2025-11-02 19:53:24
IRR-059,Irrigation System,Irritec,UniRam,2014,2015-06-19,40197.85,Active,22581,2025-08-18,2025-11-15,Oliveraie (Sfax),2025-11-02 19:53:24,2025-11-02 19:53:24
IRR-060,Irrigation System,Irritec,Pivot 8000,2015,2016-04-14,105987.81,Active,18460,2025-09-15,2025-12-05,Champ Céréales (Manouba),2025-11-02 19:53:24,2025-11-02 19:53:24
IRR-061,Irrigation System,Rivulis,RPM,2021,2022-06-22,100980.32,Active,6055,2025-08-11,2025-11-08,Champ Nord (Béja),2025-11-02 19:53:24,2025-11-02 19:53:24
IRR-062,Irrigation System,Valley,RPM,2020,2021-08-01,119347.06,Retired,8982,2025-04-03,,Oliveraie (Sfax),2025-11-02 19:53:24,2025-11-02 19:53:24
IRR-063,Irrigation System,Irritec,RPM,2015,2016-02-21,68834.83,Active,15409,2025-08-23,2025-11-01,Champ Nord (Béja),2025-11-02 19:53:24,2025-11-02 19:53:24
IRR-064,Irrigation System,Netafim,Drip System Pro,2015,2015-07-21,47295.93,Active,15504,2025-09-29,2025-12-06,Verger (Cap Bon),2025-11-02 19:53:24,2025-11-02 19:53:24
IRR-065,Irrigation System,Reinke,T-Tape,2018,2019-01-01,95647.77,Retired,14592,2025-01-18,,Serre (Nabeul),2025-11-02 19:53:24,2025-11-02 19:53:24
IRR-066,Irrigation System,Reinke,UniRam,2017,2017-04-13,47146.49,Active,16611,2025-09-10,2026-01-04,Hangar Principal,2025-11-02 19:53:24,2025-11-02 19:53:24
IRR-067,Irrigation System,Reinke,UniRam,2012,2012-11-22,51428.25,Active,24343,2025-08-23,2025-11-01,Zone Irrigation (Bizerte),2025-11-02 19:53:24,2025-11-02 19:53:24
IRR-068,Irrigation System,Irritec,RPM,2020,2020-07-20,94925.29,Active,10581,2025-09-27,2025-12-04,Champ Sud (Kairouan),2025-11-02 19:53:24,2025-11-02 19:53:24
IRR-069,Irrigation System,Rivulis,UniRam,2015,2016-07-11,103286.13,Active,16633,2025-09-18,2025-12-22,Verger (Cap Bon),2025-11-02 19:53:24,2025-11-02 19:53:24
IRR-070,Irrigation System,Rivulis,T-Tape,2018,2019-12-01,107831.37,Active,13770,2025-08-31,2025-12-07,Champ Céréales (Manouba),2025-11-02 19:53:24,2025-11-02 19:53:24
IRR-071,Irrigation System,Reinke,UniRam,2018,2019-11-02,102704.13,Active,14471,2025-09-09,2025-11-15,Parcelle Ouest (Siliana),2025-11-02 19:53:24,2025-11-02 19:53:24
IRR-072,Irrigation System,Netafim,T-Tape,2013,2013-09-01,118950.6,Active,26053,2025-08-09,2025-11-30,Verger (Cap Bon),2025-11-02 19:53:24,2025-11-02 19:53:24
IRR-073,Irrigation System,Netafim,Drip System Pro,2014,2014-08-25,45839.35,Active,21061,2025-09-20,2025-11-21,Champ Nord (Béja),2025-11-02 19:53:24,2025-11-02 19:53:24
IRR-074,Irrigation System,Netafim,T-Tape,2014,2015-11-23,80083.92,Active,19661,2025-09-28,2026-01-06,Champ Céréales (Manouba),2025-11-02 19:53:24,2025-11-02 19:53:24
IRR-075,Irrigation System,Rivulis,T-Tape,2012,2012-05-03,64792.55,Active,24158,2025-08-13,2025-10-21,Champ Céréales (Manouba),2025-11-02 19:53:24,2025-11-02 19:53:24
IRR-076,Irrigation System,Irritec,UniRam,2017,2017-05-23,74998.88,Active,17484,2025-09-18,2025-11-22,Dépôt Matériel,2025-11-02 19:53:24,2025-11-02 19:53:24
IRR-077,Irrigation System,Valley,UniRam,2015,2015-05-22,99335.48,Active,20280,2025-08-19,2025-10-26,Serre (Nabeul),2025-11-02 19:53:24,2025-11-02 19:53:24
IRR-078,Irrigation System,Valley,RPM,2019,2020-06-17,81377.83,Active,12531,2025-09-10,2025-11-17,Serre (Nabeul),2025-11-02 19:53:24,2025-11-02 19:53:24
IRR-079,Irrigation System,Irritec,Pivot 8000,2016,2016-06-26,74345.97,Active,16808,2025-08-28,2025-12-06,Champ Sud (Kairouan),2025-11-02 19:53:24,2025-11-02 19:53:24
IRR-080,Irrigation System,Netafim,UniRam,2018,2019-01-16,108748.78,Active,11224,2025-08-15,2025-10-20,Verger (Cap Bon),2025-11-02 19:53:24,2025-11-02 19:53:24
PLT-001,Planter,Massey Ferguson,SP 8,2017,2017-01-28,82461.07,Active,1005,2025-09-09,2026-01-05,Parcelle Est (Jendouba),2025-11-02 19:53:24,2025-11-02 19:53:24
PLT-002,Planter,Gaspardo,MF 500,2015,2016-04-11,48654.48,Active,1632,2025-08-12,2025-10-15,Verger (Cap Bon),2025-11-02 19:53:24,2025-11-02 19:53:24
PLT-003,Planter,Monosem,MF 500,2021,2021-03-08,79238.59,Retired,667,2025-04-19,,Zone Irrigation (Bizerte),2025-11-02 19:53:24,2025-11-02 19:53:24
PLT-004,Planter,Monosem,NG Plus,2009,2010-02-18,60121.04,Active,2122,2025-08-14,2025-11-01,Serre (Nabeul),2025-11-02 19:53:24,2025-11-02 19:53:24
PLT-005,Planter,Gaspardo,ED 602-K,2022,2023-10-16,89878.29,Active,466,2025-08-30,2025-12-16,Parcelle Ouest (Siliana),2025-11-02 19:53:24,2025-11-02 19:53:24
PLT-006,Planter,Gaspardo,MF 500,2022,2023-01-08,64784.99,Active,442,2025-10-03,2026-01-31,Atelier Mécanique,2025-11-02 19:53:24,2025-11-02 19:53:24
PLT-007,Planter,Massey Ferguson,ED 602-K,2013,2014-02-07,64139.8,Active,1504,2025-09-30,2025-12-08,Serre (Nabeul),2025-11-02 19:53:24,2025-11-02 19:53:24
PLT-008,Planter,Monosem,MF 500,2014,2014-04-28,63586.76,Active,1663,2025-08-17,2025-10-21,Verger (Cap Bon),2025-11-02 19:53:24,2025-11-02 19:53:24
PLT-009,Planter,Massey Ferguson,SP 8,2015,2016-02-19,66230.14,Retired,1363,2025-03-07,,Hangar Principal,2025-11-02 19:53:24,2025-11-02 19:53:24
PLT-010,Planter,Monosem,NG Plus,2015,2016-12-27,75444.41,Active,1298,2025-09-29,2026-01-27,Parcelle Ouest (Siliana),2025-11-02 19:53:24,2025-11-02 19:53:24
PLT-011,Planter,Gaspardo,MF 500,2018,2018-02-06,59726.17,Active,907,2025-09-11,2025-12-29,Parcelle Ouest (Siliana),2025-11-02 19:53:24,2025-11-02 19:53:24
PLT-012,Planter,Amazone,NG Plus,2021,2022-05-28,41595.25,Active,483,2025-08-12,2025-11-25,Serre (Nabeul),2025-11-02 19:53:24,2025-11-02 19:53:24
PLT-013,Planter,Massey Ferguson,SP 8,2017,2018-03-03,74113.66,Active,1329,2025-09-30,2026-01-11,Hangar Principal,2025-11-02 19:53:24,2025-11-02 19:53:24
PLT-014,Planter,Monosem,SP 8,2020,2020-07-28,59871.06,Active,769,2025-09-04,2025-11-09,Parcelle Est (Jendouba),2025-11-02 19:53:24,2025-11-02 19:53:24
PLT-015,Planter,Massey Ferguson,MF 500,2014,2014-04-05,45897.32,Active,1478,2025-08-04,2025-11-13,Champ Sud (Kairouan),2025-11-02 19:53:24,2025-11-02 19:53:24
PLT-016,Planter,Monosem,MF 500,2018,2018-02-07,84637.28,Active,957,2025-08-07,2025-11-29,Atelier Mécanique,2025-11-02 19:53:24,2025-11-02 19:53:24
PLT-017,Planter,Massey Ferguson,MF 500,2021,2022-01-06,85827.24,Active,545,2025-09-02,2025-11-02,Dépôt Matériel,2025-11-02 19:53:24,2025-11-02 19:53:24
PLT-018,Planter,Amazone,SP 8,2019,2020-04-06,50124.0,Active,821,2025-08-25,2025-12-02,Verger (Cap Bon),2025-11-02 19:53:24,2025-11-02 19:53:24
PLT-019,Planter,Gaspardo,NG Plus,2016,2017-07-18,61346.7,Active,1052,2025-09-07,2025-11-18,Oliveraie (Sfax),2025-11-02 19:53:24,2025-11-02 19:53:24
PLT-020,Planter,Gaspardo,MF 500,2020,2021-12-12,61382.64,Active,778,2025-08-28,2025-11-28,Atelier Mécanique,2025-11-02 19:53:24,2025-11-02 19:53:24
PLT-021,Planter,Amazone,NG Plus,2021,2021-01-11,67841.4,Active,454,2025-09-16,2025-11-18,Zone Irrigation (Bizerte),2025-11-02 19:53:24,2025-11-02 19:53:24
PLT-022,Planter,Monosem,SP 8,2017,2017-02-08,71127.54,Active,1015,2025-08-06,2025-11-21,Champ Nord (Béja),2025-11-02 19:53:24,2025-11-02 19:53:24
PLT-023,Planter,Gaspardo,ED 602-K,2017,2018-03-06,48010.31,Active,1038,2025-09-11,2026-01-07,Verger (Cap Bon),2025-11-02 19:53:24,2025-11-02 19:53:24
PLT-024,Planter,Massey Ferguson,NG Plus,2020,2020-10-07,81018.33,Retired,786,2024-12-19,,Hangar Principal,2025-11-02 19:53:24,2025-11-02 19:53:24
PLT-025,Planter,Gaspardo,ED 602-K,2019,2019-02-02,47794.28,Active,745,2025-10-03,2025-12-23,Verger (Cap Bon),2025-11-02 19:53:24,2025-11-02 19:53:24
PLT-026,Planter,Gaspardo,SP 8,2017,2018-12-06,85532.94,Active,1274,2025-10-02,2025-12-10,Verger (Cap Bon),2025-11-02 19:53:24,2025-11-02 19:53:24
PLT-027,Planter,Gaspardo,MF 500,2023,2024-02-12,73749.59,Active,298,2025-09-12,2025-11-30,Atelier Mécanique,2025-11-02 19:53:24,2025-11-02 19:53:24
PLT-028,Planter,Gaspardo,SP 8,2023,2024-11-16,70704.91,Retired,243,2024-11-10,,Verger (Cap Bon),2025-11-02 19:53:24,2025-11-02 19:53:24
PLT-029,Planter,Monosem,SP 8,2020,2020-07-10,75369.72,Active,642,2025-10-03,2026-01-31,Serre (Nabeul),2025-11-02 19:53:24,2025-11-02 19:53:24
PLT-030,Planter,Amazone,MF 500,2018,2018-10-11,85657.1,Active,1163,2025-08-28,2025-11-02,Zone Irrigation (Bizerte),2025-11-02 19:53:24,2025-11-02 19:53:24
PLT-031,Planter,Gaspardo,NG Plus,2016,2016-04-12,89030.88,Under Maintenance,1092,2025-11-01,2026-02-21,Serre (Nabeul),2025-11-02 19:53:24,2025-11-02 19:53:24
PLT-032,Planter,Monosem,ED 602-K,2012,2012-05-07,48724.75,Active,1505,2025-09-27,2026-01-11,Champ Nord (Béja),2025-11-02 19:53:24,2025-11-02 19:53:24
PLT-033,Planter,Massey Ferguson,ED 602-K,2014,2015-12-14,88300.6,Active,1776,2025-09-09,2025-11-30,Champ Céréales (Manouba),2025-11-02 19:53:24,2025-11-02 19:53:24
PLT-034,Planter,Amazone,MF 500,2018,2019-10-21,76703.39,Active,872,2025-08-13,2025-12-05,Champ Nord (Béja),2025-11-02 19:53:24,2025-11-02 19:53:24
PLT-035,Planter,Monosem,MF 500,2018,2019-05-04,39081.02,Active,850,2025-08-18,2025-10-21,Champ Céréales (Manouba),2025-11-02 19:53:24,2025-11-02 19:53:24
PLT-036,Planter,Massey Ferguson,NG Plus,2022,2023-12-01,58722.78,Active,445,2025-09-06,2025-11-15,Champ Nord (Béja),2025-11-02 19:53:24,2025-11-02 19:53:24
PLT-037,Planter,Massey Ferguson,NG Plus,2018,2018-04-14,73345.82,Active,1067,2025-09-17,2025-12-28,Hangar Principal,2025-11-02 19:53:24,2025-11-02 19:53:24
PLT-038,Planter,Monosem,SP 8,2019,2019-01-13,66447.34,Active,954,2025-09-10,2025-11-09,Dépôt Matériel,2025-11-02 19:53:24,2025-11-02 19:53:24
PLT-039,Planter,Massey Ferguson,NG Plus,2016,2017-04-04,36415.46,Active,1094,2025-09-28,2025-12-27,Champ Sud (Kairouan),2025-11-02 19:53:24,2025-11-02 19:53:24
PLT-040,Planter,Monosem,ED 602-K,2021,2022-08-22,49575.24,Active,591,2025-09-10,2026-01-04,Dépôt Matériel,2025-11-02 19:53:24,2025-11-02 19:53:24
PLT-041,Planter,Monosem,SP 8,2015,2016-01-09,59185.72,Active,1267,2025-08-28,2025-10-30,Parcelle Est (Jendouba),2025-11-02 19:53:24,2025-11-02 19:53:24
PLT-042,Planter,Massey Ferguson,MF 500,2011,2012-09-14,88388.8,Active,2030,2025-08-11,2025-11-03,Champ Céréales (Manouba),2025-11-02 19:53:24,2025-11-02 19:53:24
PLT-043,Planter,Amazone,ED 602-K,2018,2018-08-10,39342.53,Active,1137,2025-09-01,2025-12-06,Champ Céréales (Manouba),2025-11-02 19:53:24,2025-11-02 19:53:24
PLT-044,Planter,Gaspardo,MF 500,2016,2017-03-06,88469.07,Active,1415,2025-09-06,2025-11-10,Oliveraie (Sfax),2025-11-02 19:53:24,2025-11-02 19:53:24
PLT-045,Planter,Amazone,SP 8,2015,2015-10-09,52586.22,Active,1527,2025-09-28,2025-12-21,Champ Céréales (Manouba),2025-11-02 19:53:24,2025-11-02 19:53:24
PLT-046,Planter,Amazone,NG Plus,2019,2020-09-15,85443.91,Active,676,2025-08-27,2025-11-28,Dépôt Matériel,2025-11-02 19:53:24,2025-11-02 19:53:24
PLT-047,Planter,Massey Ferguson,ED 602-K,2017,2017-03-19,67336.38,Under Maintenance,1235,2025-11-01,2026-02-05,Champ Sud (Kairouan),2025-11-02 19:53:24,2025-11-02 19:53:24
PLT-048,Planter,Monosem,NG Plus,2017,2018-05-13,71013.32,Active,1152,2025-09-22,2025-12-08,Dépôt Matériel,2025-11-02 19:53:24,2025-11-02 19:53:24
SPR-001,Sprayer,Kuhn,Boxer 2000,2017,2017-07-11,230482.2,Active,1377,2025-09-16,2026-01-11,Atelier Mécanique,2025-11-02 19:53:24,2025-11-02 19:53:24
SPR-002,Sprayer,Hardi,UX 5201,2021,2022-05-09,254855.45,Active,960,2025-08-09,2025-10-22,Parcelle Est (Jendouba),2025-11-02 19:53:24,2025-11-02 19:53:24
SPR-003,Sprayer,Amazone,Boxer 2000,2017,2018-05-24,186683.64,Active,1777,2025-09-20,2026-01-16,Dépôt Matériel,2025-11-02 19:53:24,2025-11-02 19:53:24
SPR-004,Sprayer,Berthoud,UX 5201,2016,2016-09-26,145435.59,Active,1747,2025-09-25,2026-01-12,Champ Céréales (Manouba),2025-11-02 19:53:24,2025-11-02 19:53:24
SPR-005,Sprayer,Hardi,Deltis 1302,2012,2012-04-27,129220.4,Active,2220,2025-09-10,2025-12-24,Parcelle Ouest (Siliana),2025-11-02 19:53:24,2025-11-02 19:53:24
SPR-006,Sprayer,Amazone,UX 5201,2014,2015-09-13,221665.57,Active,1962,2025-09-10,2025-12-10,Verger (Cap Bon),2025-11-02 19:53:24,2025-11-02 19:53:24
SPR-007,Sprayer,Berthoud,Deltis 1302,2009,2010-10-18,175961.58,Under Maintenance,2907,2025-10-27,2026-02-17,Serre (Nabeul),2025-11-02 19:53:24,2025-11-02 19:53:24
SPR-008,Sprayer,Hardi,UX 5201,2021,2021-07-02,146065.18,Retired,864,2025-03-11,,Oliveraie (Sfax),2025-11-02 19:53:24,2025-11-02 19:53:24
SPR-009,Sprayer,Kuhn,Deltis 1302,2014,2015-11-14,202125.0,Retired,2646,2024-11-13,,Champ Nord (Béja),2025-11-02 19:53:24,2025-11-02 19:53:24
SPR-010,Sprayer,Berthoud,Deltis 1302,2017,2017-10-26,121354.2,Active,1513,2025-09-14,2025-12-28,Serre (Nabeul),2025-11-02 19:53:24,2025-11-02 19:53:24
SPR-011,Sprayer,Amazone,Boxer 2000,2009,2010-06-15,160319.79,Active,3315,2025-08-12,2025-11-19,Dépôt Matériel,2025-11-02 19:53:24,2025-11-02 19:53:24
SPR-012,Sprayer,Hardi,Commander 4400,2021,2022-09-21,215003.61,Active,766,2025-09-03,2025-11-06,Atelier Mécanique,2025-11-02 19:53:24,2025-11-02 19:53:24
SPR-013,Sprayer,Amazone,UX 5201,2021,2022-05-21,233775.0,Active,971,2025-09-24,2025-12-26,Parcelle Ouest (Siliana),2025-11-02 19:53:24,2025-11-02 19:53:24
SPR-014,Sprayer,Hardi,Boxer 2000,2020,2021-11-05,235405.31,Retired,1115,2025-03-01,,Dépôt Matériel,2025-11-02 19:53:24,2025-11-02 19:53:24
SPR-015,Sprayer,Berthoud,Boxer 2000,2024,2024-10-23,279160.6,Active,236,2025-08-19,2025-11-01,Oliveraie (Sfax),2025-11-02 19:53:24,2025-11-02 19:53:24
SPR-016,Sprayer,Berthoud,UX 5201,2020,2021-03-27,225218.35,Active,1074,2025-09-03,2025-11-10,Serre (Nabeul),2025-11-02 19:53:24,2025-11-02 19:53:24
SPR-017,Sprayer,Amazone,Deltis 1302,2021,2022-11-03,155560.56,Under Maintenance,747,2025-10-29,2026-02-16,Atelier Mécanique,2025-11-02 19:53:24,2025-11-02 19:53:24
SPR-018,Sprayer,Amazone,UX 5201,2017,2018-08-28,138845.04,Active,1380,2025-08-27,2025-12-25,Verger (Cap Bon),2025-11-02 19:53:24,2025-11-02 19:53:24
SPR-019,Sprayer,Hardi,Boxer 2000,2016,2016-09-04,258799.64,Active,1800,2025-09-30,2026-01-23,Parcelle Est (Jendouba),2025-11-02 19:53:24,2025-11-02 19:53:24
SPR-020,Sprayer,Kuhn,Deltis 1302,2010,2011-07-19,262855.22,Active,3763,2025-08-09,2025-11-22,Parcelle Est (Jendouba),2025-11-02 19:53:24,2025-11-02 19:53:24
SPR-021,Sprayer,Hardi,Boxer 2000,2014,2015-11-06,170146.25,Active,1901,2025-09-20,2026-01-06,Parcelle Est (Jendouba),2025-11-02 19:53:24,2025-11-02 19:53:24
SPR-022,Sprayer,Kuhn,Boxer 2000,2020,2020-03-20,189393.83,Active,1020,2025-09-03,2025-11-26,Champ Nord (Béja),2025-11-02 19:53:24,2025-11-02 19:53:24
SPR-023,Sprayer,Hardi,Deltis 1302,2021,2022-01-11,241095.64,Active,850,2025-10-03,2026-01-11,Serre (Nabeul),2025-11-02 19:53:24,2025-11-02 19:53:24
SPR-024,Sprayer,Kuhn,Deltis 1302,2016,2017-05-05,136433.32,Active,1892,2025-09-29,2026-01-19,Champ Nord (Béja),2025-11-02 19:53:24,2025-11-02 19:53:24
SPR-025,Sprayer,Amazone,UX 5201,2023,2024-12-17,215419.19,Under Maintenance,392,2025-10-31,2026-01-20,Zone Irrigation (Bizerte),2025-11-02 19:53:24,2025-11-02 19:53:24
SPR-026,Sprayer,Amazone,Deltis 1302,2010,2010-07-01,156546.93,Active,3436,2025-08-18,2025-10-18,Verger (Cap Bon),2025-11-02 19:53:24,2025-11-02 19:53:24
SPR-027,Sprayer,Kuhn,Commander 4400,2013,2014-12-21,246740.34,Active,2394,2025-08-15,2025-11-17,Verger (Cap Bon),2025-11-02 19:53:24,2025-11-02 19:53:24
SPR-028,Sprayer,Hardi,Commander 4400,2019,2019-11-27,123158.68,Active,1355,2025-09-09,2025-11-15,Champ Céréales (Manouba),2025-11-02 19:53:24,2025-11-02 19:53:24
SPR-029,Sprayer,Amazone,Boxer 2000,2024,2024-04-23,229718.4,Active,168,2025-09-27,2026-01-07,Champ Céréales (Manouba),2025-11-02 19:53:24,2025-11-02 19:53:24
SPR-030,Sprayer,Amazone,Deltis 1302,2012,2013-02-17,235002.6,Active,2312,2025-09-27,2025-12-27,Parcelle Ouest (Siliana),2025-11-02 19:53:24,2025-11-02 19:53:24
SPR-031,Sprayer,Kuhn,UX 5201,2018,2018-06-23,185561.0,Active,1270,2025-08-06,2025-10-18,Serre (Nabeul),2025-11-02 19:53:24,2025-11-02 19:53:24
SPR-032,Sprayer,Berthoud,UX 5201,2013,2013-01-01,227461.3,Active,2930,2025-08-22,2025-11-21,Parcelle Est (Jendouba),2025-11-02 19:53:24,2025-11-02 19:53:24
TRC-001,Tractor,Deutz-Fahr,TD5.85,2016,2016-12-09,109387.02,Active,5006,2025-08-17,2025-12-12,Champ Céréales (Manouba),2025-11-02 19:53:24,2025-11-02 19:53:24
TRC-002,Tractor,New Holland,Powerfarm 95,2018,2019-01-01,91243.43,Active,4063,2025-08-29,2025-11-09,Serre (Nabeul),2025-11-02 19:53:24,2025-11-02 19:53:24
TRC-003,Tractor,Deutz-Fahr,Agrofarm 420,2015,2016-04-15,150711.88,Active,7304,2025-08-13,2025-10-22,Serre (Nabeul),2025-11-02 19:53:24,2025-11-02 19:53:24
TRC-004,Tractor,Case IH,5075E,2011,2012-03-07,194865.57,Active,8505,2025-09-27,2025-12-18,Atelier Mécanique,2025-11-02 19:53:24,2025-11-02 19:53:24
TRC-005,Tractor,Landini,5075E,2018,2018-12-15,144347.37,Active,5411,2025-08-29,2025-11-15,Oliveraie (Sfax),2025-11-02 19:53:24,2025-11-02 19:53:24
TRC-006,Tractor,Landini,5075E,2018,2018-12-03,85498.93,Active,4054,2025-09-28,2026-01-20,Parcelle Ouest (Siliana),2025-11-02 19:53:24,2025-11-02 19:53:24
TRC-007,Tractor,New Holland,Farmall 75C,2011,2012-08-21,180093.25,Active,7872,2025-08-22,2025-11-07,Serre (Nabeul),2025-11-02 19:53:24,2025-11-02 19:53:24
TRC-008,Tractor,Deutz-Fahr,Agrofarm 420,2014,2014-10-21,100536.64,Active,7805,2025-09-09,2025-11-25,Oliveraie (Sfax),2025-11-02 19:53:24,2025-11-02 19:53:24
TRC-009,Tractor,Deutz-Fahr,Powerfarm 95,2019,2019-11-11,181142.23,Active,4330,2025-10-01,2026-01-20,Atelier Mécanique,2025-11-02 19:53:24,2025-11-02 19:53:24
TRC-010,Tractor,Case IH,5075E,2015,2015-04-19,185164.12,Active,6018,2025-09-08,2026-01-02,Oliveraie (Sfax),2025-11-02 19:53:24,2025-11-02 19:53:24
TRC-011,Tractor,Case IH,MF 5710,2019,2020-03-08,169398.68,Active,3960,2025-09-06,2026-01-01,Verger (Cap Bon),2025-11-02 19:53:24,2025-11-02 19:53:24
TRC-012,Tractor,Case IH,5075E,2019,2019-03-17,139221.9,Under Maintenance,4299,2025-10-31,2026-02-08,Parcelle Est (Jendouba),2025-11-02 19:53:24,2025-11-02 19:53:24
TRC-013,Tractor,Deutz-Fahr,Farmall 75C,2017,2017-07-13,151506.61,Active,5133,2025-08-29,2025-12-22,Champ Nord (Béja),2025-11-02 19:53:24,2025-11-02 19:53:24
TRC-014,Tractor,Deutz-Fahr,Agrofarm 420,2024,2024-11-18,170105.34,Active,719,2025-09-15,2025-12-11,Parcelle Est (Jendouba),2025-11-02 19:53:24,2025-11-02 19:53:24
TRC-015,Tractor,Case IH,TD5.85,2024,2025-09-25,101438.23,Under Maintenance,757,2025-10-30,2026-02-20,Oliveraie (Sfax),2025-11-02 19:53:24,2025-11-02 19:53:24
TRC-016,Tractor,Landini,Powerfarm 95,2020,2020-03-12,171501.3,Active,3301,2025-08-31,2025-12-27,Champ Nord (Béja),2025-11-02 19:53:24,2025-11-02 19:53:24
TRC-017,Tractor,Landini,5075E,2022,2023-01-04,191491.83,Active,2245,2025-09-14,2025-11-28,Champ Nord (Béja),2025-11-02 19:53:24,2025-11-02 19:53:24
TRC-018,Tractor,Massey Ferguson,Powerfarm 95,2016,2016-02-24,138318.86,Active,4841,2025-08-15,2025-10-22,Parcelle Est (Jendouba),2025-11-02 19:53:24,2025-11-02 19:53:24
TRC-019,Tractor,Deutz-Fahr,Farmall 75C,2021,2021-05-17,184691.96,Active,2520,2025-08-30,2025-12-16,Serre (Nabeul),2025-11-02 19:53:24,2025-11-02 19:53:24
TRC-020,Tractor,Deutz-Fahr,MF 5710,2023,2024-07-22,157985.37,Active,1267,2025-09-26,2025-12-10,Parcelle Ouest (Siliana),2025-11-02 19:53:24,2025-11-02 19:53:24
TRC-021,Tractor,New Holland,5075E,2012,2012-10-18,107613.77,Active,7504,2025-08-24,2025-10-26,Parcelle Ouest (Siliana),2025-11-02 19:53:24,2025-11-02 19:53:24
TRC-022,Tractor,New Holland,TD5.85,2018,2019-02-17,108560.56,Active,4857,2025-09-25,2026-01-09,Verger (Cap Bon),2025-11-02 19:53:24,2025-11-02 19:53:24
TRC-023,Tractor,Landini,Farmall 75C,2017,2017-08-26,128847.2,Active,4356,2025-09-11,2025-12-07,Dépôt Matériel,2025-11-02 19:53:24,2025-11-02 19:53:24
TRC-024,Tractor,Case IH,Agrofarm 420,2023,2023-11-21,198099.83,Active,1091,2025-09-12,2026-01-01,Champ Sud (Kairouan),2025-11-02 19:53:24,2025-11-02 19:53:24
TRC-025,Tractor,Massey Ferguson,MF 5710,2020,2020-09-15,96821.88,Active,2838,2025-08-09,2025-12-06,Champ Sud (Kairouan),2025-11-02 19:53:24,2025-11-02 19:53:24
TRC-026,Tractor,Case IH,Powerfarm 95,2017,2017-01-21,199913.9,Retired,5898,2025-03-07,,Parcelle Est (Jendouba),2025-11-02 19:53:24,2025-11-02 19:53:24
TRC-027,Tractor,Case IH,Farmall 75C,2022,2023-04-28,128124.84,Active,1605,2025-09-09,2025-11-24,Zone Irrigation (Bizerte),2025-11-02 19:53:24,2025-11-02 19:53:24
TRC-028,Tractor,John Deere,Farmall 75C,2016,2017-03-07,115604.94,Active,6946,2025-08-30,2025-11-01,Serre (Nabeul),2025-11-02 19:53:24,2025-11-02 19:53:24
TRC-029,Tractor,John Deere,TD5.85,2020,2020-10-16,140342.05,Active,3708,2025-09-01,2025-11-05,Parcelle Est (Jendouba),2025-11-02 19:53:24,2025-11-02 19:53:24
TRC-030,Tractor,New Holland,Powerfarm 95,2019,2019-11-28,108224.47,Under Maintenance,3307,2025-10-31,2026-02-05,Verger (Cap Bon),2025-11-02 19:53:24,2025-11-02 19:53:24
TRC-031,Tractor,New Holland,Powerfarm 95,2020,2020-07-22,150040.67,Under Maintenance,3279,2025-10-31,2026-02-10,Serre (Nabeul),2025-11-02 19:53:24,2025-11-02 19:53:24
TRC-032,Tractor,John Deere,MF 5710,2010,2011-07-05,160602.83,Active,8969,2025-08-16,2025-12-13,Champ Sud (Kairouan),2025-11-02 19:53:24,2025-11-02 19:53:24
TRC-033,Tractor,New Holland,Farmall 75C,2018,2018-02-18,105578.52,Under Maintenance,4122,2025-11-01,2026-02-25,Parcelle Ouest (Siliana),2025-11-02 19:53:24,2025-11-02 19:53:24
TRC-034,Tractor,John Deere,5075E,2022,2022-08-27,145186.16,Retired,1795,2024-11-20,,Champ Céréales (Manouba),2025-11-02 19:53:24,2025-11-02 19:53:24
TRC-035,Tractor,New Holland,Agrofarm 420,2014,2015-11-04,192671.6,Active,6104,2025-09-27,2026-01-12,Champ Céréales (Manouba),2025-11-02 19:53:24,2025-11-02 19:53:24
TRC-036,Tractor,Massey Ferguson,5075E,2022,2023-10-07,166113.46,Active,1718,2025-09-17,2025-12-18,Zone Irrigation (Bizerte),2025-11-02 19:53:24,2025-11-02 19:53:24
TRC-037,Tractor,John Deere,TD5.85,2017,2017-11-14,179521.77,Active,4251,2025-09-25,2026-01-03,Hangar Principal,2025-11-02 19:53:24,2025-11-02 19:53:24
TRC-038,Tractor,Massey Ferguson,Agrofarm 420,2024,2025-09-23,131322.43,Active,522,2025-08-08,2025-11-20,Parcelle Est (Jendouba),2025-11-02 19:53:24,2025-11-02 19:53:24
TRC-039,Tractor,Landini,TD5.85,2023,2024-10-18,97771.25,Active,1106,2025-08-07,2025-12-04,Champ Nord (Béja),2025-11-02 19:53:24,2025-11-02 19:53:24
TRC-040,Tractor,John Deere,MF 5710,2017,2017-11-04,122441.44,Under Maintenance,5324,2025-10-28,2026-02-12,Parcelle Est (Jendouba),2025-11-02 19:53:24,2025-11-02 19:53:24
TRC-041,Tractor,Massey Ferguson,MF 5710,2015,2015-07-01,101523.28,Active,7603,2025-09-07,2025-12-27,Oliveraie (Sfax),2025-11-02 19:53:24,2025-11-02 19:53:24
TRC-042,Tractor,Deutz-Fahr,MF 5710,2017,2018-03-26,164153.38,Active,4955,2025-09-03,2025-11-16,Parcelle Ouest (Siliana),2025-11-02 19:53:24,2025-11-02 19:53:24
TRC-043,Tractor,Case IH,5075E,2018,2019-04-08,82839.73,Active,3991,2025-08-09,2025-10-12,Hangar Principal,2025-11-02 19:53:24,2025-11-02 19:53:24
TRC-044,Tractor,John Deere,Agrofarm 420,2019,2020-11-27,144345.89,Active,4585,2025-09-17,2025-11-27,Verger (Cap Bon),2025-11-02 19:53:24,2025-11-02 19:53:24
TRC-045,Tractor,John Deere,TD5.85,2023,2023-10-14,121482.45,Active,1448,2025-09-01,2025-11-07,Dépôt Matériel,2025-11-02 19:53:24,2025-11-02 19:53:24
TRC-046,Tractor,Landini,MF 5710,2020,2021-01-23,132326.9,Active,3275,2025-08-21,2025-12-05,Serre (Nabeul),2025-11-02 19:53:24,2025-11-02 19:53:24
TRC-047,Tractor,Deutz-Fahr,Agrofarm 420,2019,2019-06-14,88396.86,Active,4156,2025-09-13,2025-12-24,Champ Sud (Kairouan),2025-11-02 19:53:24,2025-11-02 19:53:24
TRC-048,Tractor,Deutz-Fahr,5075E,2013,2014-11-14,119141.95,Active,8415,2025-09-21,2025-12-16,Oliveraie (Sfax),2025-11-02 19:53:24,2025-11-02 19:53:24
TRC-049,Tractor,Case IH,Agrofarm 420,2016,2016-10-19,116113.98,Active,5962,2025-09-15,2025-11-27,Dépôt Matériel,2025-11-02 19:53:24,2025-11-02 19:53:24
TRC-050,Tractor,Landini,Powerfarm 95,2024,2025-08-15,133059.18,Active,575,2025-08-07,2025-11-25,Serre (Nabeul),2025-11-02 19:53:24,2025-11-02 19:53:24
TRC-051,Tractor,Massey Ferguson,Agrofarm 420,2016,2016-05-17,159662.46,Active,6129,2025-08-04,2025-11-20,Parcelle Ouest (Siliana),2025-11-02 19:53:24,2025-11-02 19:53:24
TRC-052,Tractor,Deutz-Fahr,5075E,2019,2019-04-05,82931.05,Active,3501,2025-08-10,2025-11-27,Champ Sud (Kairouan),2025-11-02 19:53:24,2025-11-02 19:53:24
TRC-053,Tractor,Case IH,Farmall 75C,2020,2020-12-23,126077.42,Active,3119,2025-08-20,2025-10-19,Champ Sud (Kairouan),2025-11-02 19:53:24,2025-11-02 19:53:24
TRC-054,Tractor,Case IH,MF 5710,2015,2015-12-17,135745.99,Under Maintenance,6649,2025-11-01,2026-01-29,Parcelle Est (Jendouba),2025-11-02 19:53:24,2025-11-02 19:53:24
TRC-055,Tractor,Case IH,Agrofarm 420,2013,2014-08-20,177800.78,Active,9023,2025-08-06,2025-11-09,Zone Irrigation (Bizerte),2025-11-02 19:53:24,2025-11-02 19:53:24
TRC-056,Tractor,Massey Ferguson,Agrofarm 420,2014,2015-08-09,170213.21,Active,8122,2025-08-15,2025-11-16,Zone Irrigation (Bizerte),2025-11-02 19:53:24,2025-11-02 19:53:24
TRC-057,Tractor,Deutz-Fahr,MF 5710,2021,2022-08-03,165625.38,Active,2323,2025-08-07,2025-11-09,Champ Sud (Kairouan),2025-11-02 19:53:24,2025-11-02 19:53:24
TRC-058,Tractor,Massey Ferguson,MF 5710,2019,2019-07-23,98336.63,Active,3453,2025-09-12,2025-12-15,Zone Irrigation (Bizerte),2025-11-02 19:53:24,2025-11-02 19:53:24
TRC-059,Tractor,Case IH,TD5.85,2016,2016-07-13,188580.62,Active,6046,2025-08-10,2025-12-04,Verger (Cap Bon),2025-11-02 19:53:24,2025-11-02 19:53:24
TRC-060,Tractor,Case IH,Farmall 75C,2014,2014-06-10,170417.02,Retired,8160,2025-01-19,,Champ Céréales (Manouba),2025-11-02 19:53:24,2025-11-02 19:53:24
TRC-061,Tractor,Deutz-Fahr,Agrofarm 420,2019,2019-08-08,112752.24,Active,3877,2025-08-22,2025-12-03,Dépôt Matériel,2025-11-02 19:53:24,2025-11-02 19:53:24
TRC-062,Tractor,Deutz-Fahr,MF 5710,2018,2019-03-20,144094.84,Active,5290,2025-08-22,2025-10-22,Champ Sud (Kairouan),2025-11-02 19:53:24,2025-11-02 19:53:24
TRC-063,Tractor,Deutz-Fahr,Farmall 75C,2022,2022-08-06,86034.16,Active,1855,2025-09-13,2025-12-03,Dépôt Matériel,2025-11-02 19:53:24,2025-11-02 19:53:24
TRC-064,Tractor,John Deere,Farmall 75C,2022,2023-02-16,82325.99,Retired,1980,2025-02-06,,Parcelle Ouest (Siliana),2025-11-02 19:53:24,2025-11-02 19:53:24
TRC-065,Tractor,Deutz-Fahr,TD5.85,2014,2014-01-08,103923.28,Active,5778,2025-09-25,2025-12-24,Oliveraie (Sfax),2025-11-02 19:53:24,2025-11-02 19:53:24
TRC-066,Tractor,New Holland,Powerfarm 95,2012,2012-08-23,110749.24,Active,8006,2025-08-17,2025-11-30,Champ Sud (Kairouan),2025-11-02 19:53:24,2025-11-02 19:53:24
TRC-067,Tractor,Massey Ferguson,5075E,2018,2018-10-01,191466.46,Under Maintenance,4687,2025-10-29,2026-01-22,Serre (Nabeul),2025-11-02 19:53:24,2025-11-02 19:53:24
TRC-068,Tractor,Massey Ferguson,TD5.85,2013,2013-02-23,172697.71,Active,8892,2025-09-26,2026-01-14,Verger (Cap Bon),2025-11-02 19:53:24,2025-11-02 19:53:24
TRC-069,Tractor,New Holland,5075E,2016,2017-11-12,88274.81,Active,6195,2025-09-07,2025-12-28,Zone Irrigation (Bizerte),2025-11-02 19:53:24,2025-11-02 19:53:24
TRC-070,Tractor,New Holland,Farmall 75C,2020,2021-11-27,135168.72,Active,2798,2025-08-31,2025-12-10,Hangar Principal,2025-11-02 19:53:24,2025-11-02 19:53:24
TRC-071,Tractor,Landini,Powerfarm 95,2016,2017-08-14,179088.15,Active,6066,2025-09-18,2026-01-09,Champ Sud (Kairouan),2025-11-02 19:53:24,2025-11-02 19:53:24
TRC-072,Tractor,John Deere,Farmall 75C,2011,2011-08-19,153239.8,Active,8659,2025-08-10,2025-10-29,Parcelle Est (Jendouba),2025-11-02 19:53:24,2025-11-02 19:53:24
TRC-073,Tractor,Case IH,MF 5710,2018,2019-05-11,113559.02,Under Maintenance,4725,2025-10-28,2025-12-27,Champ Céréales (Manouba),2025-11-02 19:53:24,2025-11-02 19:53:24
TRC-074,Tractor,Massey Ferguson,TD5.85,2011,2011-12-14,138629.34,Active,10039,2025-08-23,2025-12-06,Zone Irrigation (Bizerte),2025-11-02 19:53:24,2025-11-02 19:53:24
TRC-075,Tractor,Case IH,TD5.85,2024,2024-05-08,128528.14,Active,583,2025-09-10,2025-12-09,Champ Céréales (Manouba),2025-11-02 19:53:24,2025-11-02 19:53:24
TRC-076,Tractor,Landini,5075E,2014,2015-12-18,119694.96,Active,7730,2025-09-17,2025-11-30,Champ Sud (Kairouan),2025-11-02 19:53:24,2025-11-02 19:53:24
TRC-077,Tractor,Deutz-Fahr,MF 5710,2017,2018-02-24,144303.68,Active,5745,2025-09-20,2026-01-05,Zone Irrigation (Bizerte),2025-11-02 19:53:24,2025-11-02 19:53:24
TRC-078,Tractor,John Deere,Agrofarm 420,2019,2020-02-27,103294.11,Active,3474,2025-10-03,2026-01-16,Champ Céréales (Manouba),2025-11-02 19:53:24,2025-11-02 19:53:24
TRC-079,Tractor,Massey Ferguson,5075E,2017,2017-01-18,115056.4,Active,6123,2025-08-16,2025-11-15,Champ Sud (Kairouan),2025-11-02 19:53:24,2025-11-02 19:53:24
TRC-080,Tractor,New Holland,Powerfarm 95,2024,2025-08-16,132856.26,Active,567,2025-08-04,2025-11-27,Zone Irrigation (Bizerte),2025-11-02 19:53:24,2025-11-02 19:53:24
TRC-081,Tractor,New Holland,TD5.85,2018,2019-08-03,149242.54,Active,4889,2025-08-13,2025-11-17,Hangar Principal,2025-11-02 19:53:24,2025-11-02 19:53:24
TRC-082,Tractor,New Holland,MF 5710,2016,2016-09-25,129940.88,Active,6074,2025-08-15,2025-11-16,Dépôt Matériel,2025-11-02 19:53:24,2025-11-02 19:53:24
TRC-083,Tractor,Case IH,Farmall 75C,2012,2013-10-14,116645.63,Active,8859,2025-08-17,2025-10-22,Parcelle Ouest (Siliana),2025-11-02 19:53:24,2025-11-02 19:53:24
TRC-084,Tractor,Deutz-Fahr,MF 5710,2020,2021-11-03,98846.85,Active,2825,2025-10-03,2025-12-28,Zone Irrigation (Bizerte),2025-11-02 19:53:24,2025-11-02 19:53:24
TRC-085,Tractor,Deutz-Fahr,Powerfarm 95,2021,2022-05-02,107777.15,Active,2815,2025-09-04,2025-11-07,Oliveraie (Sfax),2025-11-02 19:53:24,2025-11-02 19:53:24
TRC-086,Tractor,Massey Ferguson,5075E,2020,2020-07-04,145347.49,Under Maintenance,3441,2025-10-26,2026-01-03,Champ Sud (Kairouan),2025-11-02 19:53:24,2025-11-02 19:53:24
TRC-087,Tractor,New Holland,MF 5710,2014,2015-10-24,178908.84,Active,8354,2025-09-04,2025-12-17,Hangar Principal,2025-11-02 19:53:24,2025-11-02 19:53:24
TRC-088,Tractor,Deutz-Fahr,Farmall 75C,2016,2017-09-18,139255.43,Active,4868,2025-09-06,2025-12-22,Atelier Mécanique,2025-11-02 19:53:24,2025-11-02 19:53:24
TRC-089,Tractor,Landini,5075E,2020,2020-02-08,195429.33,Active,3686,2025-08-04,2025-10-04,Oliveraie (Sfax),2025-11-02 19:53:24,2025-11-02 19:53:24
TRC-090,Tractor,John Deere,Powerfarm 95,2015,2015-03-16,142275.66,Active,6349,2025-08-27,2025-11-22,Oliveraie (Sfax),2025-11-02 19:53:24,2025-11-02 19:53:24
TRC-091,Tractor,Case IH,TD5.85,2017,2018-06-14,119997.01,Under Maintenance,5553,2025-10-30,2026-01-24,Serre (Nabeul),2025-11-02 19:53:24,2025-11-02 19:53:24
TRC-092,Tractor,Case IH,5075E,2014,2015-09-02,134579.11,Active,6619,2025-08-15,2025-11-08,Champ Céréales (Manouba),2025-11-02 19:53:24,2025-11-02 19:53:24
TRC-093,Tractor,New Holland,Agrofarm 420,2020,2021-07-02,102509.9,Active,3070,2025-08-24,2025-11-20,Champ Nord (Béja),2025-11-02 19:53:24,2025-11-02 19:53:24
TRC-094,Tractor,Massey Ferguson,5075E,2019,2019-05-15,185701.59,Active,3876,2025-08-24,2025-11-30,Parcelle Ouest (Siliana),2025-11-02 19:53:24,2025-11-02 19:53:24
TRC-095,Tractor,Deutz-Fahr,MF 5710,2019,2020-09-01,146270.17,Retired,3265,2025-04-07,,Zone Irrigation (Bizerte),2025-11-02 19:53:24,2025-11-02 19:53:24
TRC-096,Tractor,New Holland,Agrofarm 420,2023,2023-08-23,115023.39,Active,1406,2025-09-03,2025-12-02,Parcelle Ouest (Siliana),2025-11-02 19:53:24,2025-11-02 19:53:24
TRC-097,Tractor,Case IH,Powerfarm 95,2016,2016-07-07,190624.18,Under Maintenance,5869,2025-10-26,2025-12-29,Hangar Principal,2025-11-02 19:53:24,2025-11-02 19:53:24
TRC-098,Tractor,Case IH,5075E,2016,2017-01-10,167126.12,Active,6639,2025-08-22,2025-11-21,Parcelle Est (Jendouba),2025-11-02 19:53:24,2025-11-02 19:53:24
TRC-099,Tractor,Case IH,Powerfarm 95,2017,2018-06-11,146230.09,Active,5290,2025-09-13,2026-01-06,Parcelle Ouest (Siliana),2025-11-02 19:53:24,2025-11-02 19:53:24
TRC-100,Tractor,Deutz-Fahr,MF 5710,2018,2019-04-28,173065.34,Active,3719,2025-08-19,2025-12-15,Dépôt Matériel,2025-11-02 19:53:24,2025-11-02 19:53:24
TRC-101,Tractor,Case IH,Agrofarm 420,2023,2023-08-02,95149.55,Active,1541,2025-09-27,2026-01-20,Zone Irrigation (Bizerte),2025-11-02 19:53:24,2025-11-02 19:53:24
TRC-102,Tractor,New Holland,Powerfarm 95,2019,2020-01-24,97298.65,Retired,4478,2025-04-17,,Zone Irrigation (Bizerte),2025-11-02 19:53:24,2025-11-02 19:53:24
TRC-103,Tractor,John Deere,5075E,2019,2020-11-03,182211.84,Under Maintenance,4449,2025-10-29,2026-01-17,Oliveraie (Sfax),2025-11-02 19:53:24,2025-11-02 19:53:24
TRC-104,Tractor,Deutz-Fahr,Farmall 75C,2021,2021-10-03,108172.43,Active,2791,2025-09-19,2026-01-04,Champ Sud (Kairouan),2025-11-02 19:53:24,2025-11-02 19:53:24
TRC-105,Tractor,Case IH,TD5.85,2018,2018-08-06,163280.14,Active,5284,2025-08-14,2025-10-16,Hangar Principal,2025-11-02 19:53:24,2025-11-02 19:53:24
TRC-106,Tractor,John Deere,5075E,2016,2017-03-08,143739.96,Active,6004,2025-09-23,2025-12-03,Champ Sud (Kairouan),2025-11-02 19:53:24,2025-11-02 19:53:24
TRC-107,Tractor,Landini,Farmall 75C,2010,2010-08-19,97174.13,Active,9598,2025-09-17,2025-12-28,Champ Nord (Béja),2025-11-02 19:53:24,2025-11-02 19:53:24
TRC-108,Tractor,Case IH,5075E,2017,2017-02-15,193428.28,Active,6214,2025-09-06,2025-12-19,Hangar Principal,2025-11-02 19:53:24,2025-11-02 19:53:24
TRC-109,Tractor,Case IH,5075E,2016,2016-07-28,137984.97,Active,5235,2025-08-28,2025-11-14,Serre (Nabeul),2025-11-02 19:53:24,2025-11-02 19:53:24
TRC-110,Tractor,John Deere,TD5.85,2018,2019-05-01,147911.48,Active,4888,2025-09-30,2026-01-26,Verger (Cap Bon),2025-11-02 19:53:24,2025-11-02 19:53:24
TRC-111,Tractor,Deutz-Fahr,Farmall 75C,2024,2025-04-20,176231.83,Active,576,2025-09-17,2025-12-29,Serre (Nabeul),2025-11-02 19:53:24,2025-11-02 19:53:24
TRC-112,Tractor,Deutz-Fahr,Agrofarm 420,2018,2018-11-04,188408.44,Active,4816,2025-09-05,2025-11-06,Verger (Cap Bon),2025-11-02 19:53:24,2025-11-02 19:53:24
TRC-113,Tractor,John Deere,Agrofarm 420,2017,2017-02-10,119206.3,Active,5024,2025-08-14,2025-11-16,Atelier Mécanique,2025-11-02 19:53:24,2025-11-02 19:53:24
TRC-114,Tractor,Landini,Powerfarm 95,2008,2009-03-09,189685.87,Retired,13013,2025-02-20,,Serre (Nabeul),2025-11-02 19:53:24,2025-11-02 19:53:24
TRC-115,Tractor,John Deere,TD5.85,2018,2019-02-05,170498.18,Active,4050,2025-08-21,2025-11-14,Champ Céréales (Manouba),2025-11-02 19:53:24,2025-11-02 19:53:24
TRC-116,Tractor,John Deere,TD5.85,2016,2017-01-09,144388.68,Active,5744,2025-08-21,2025-11-05,Verger (Cap Bon),2025-11-02 19:53:24,2025-11-02 19:53:24
TRC-117,Tractor,Case IH,Agrofarm 420,2018,2019-02-22,108058.63,Under Maintenance,3685,2025-10-28,2026-01-16,Verger (Cap Bon),2025-11-02 19:53:24,2025-11-02 19:53:24
TRC-118,Tractor,Massey Ferguson,Agrofarm 420,2022,2022-11-27,135712.1,Active,2106,2025-09-26,2025-12-03,Champ Nord (Béja),2025-11-02 19:53:24,2025-11-02 19:53:24
TRC-119,Tractor,New Holland,5075E,2013,2014-02-04,108176.0,Active,7917,2025-09-10,2025-12-21,Serre (Nabeul),2025-11-02 19:53:24,2025-11-02 19:53:24
TRC-120,Tractor,Deutz-Fahr,Powerfarm 95,2014,2015-10-24,167191.9,Active,8252,2025-08-11,2025-11-10,Verger (Cap Bon),2025-11-02 19:53:24,2025-11-02 19:53:24
TRC-121,Tractor,Case IH,5075E,2014,2014-12-12,106072.36,Active,6991,2025-09-10,2025-11-15,Oliveraie (Sfax),2025-11-02 19:53:24,2025-11-02 19:53:24
TRC-122,Tractor,John Deere,Powerfarm 95,2021,2022-01-13,113105.77,Under Maintenance,3086,2025-10-26,2026-01-23,Champ Sud (Kairouan),2025-11-02 19:53:24,2025-11-02 19:53:24
TRC-123,Tractor,Deutz-Fahr,MF 5710,2012,2012-01-26,120021.1,Active,10102,2025-09-20,2025-11-23,Champ Céréales (Manouba),2025-11-02 19:53:24,2025-11-02 19:53:24
TRC-124,Tractor,Massey Ferguson,Powerfarm 95,2023,2023-04-11,172924.23,Active,1450,2025-09-16,2026-01-08,Parcelle Est (Jendouba),2025-11-02 19:53:24,2025-11-02 19:53:24
TRC-125,Tractor,Massey Ferguson,Powerfarm 95,2015,2016-03-04,159326.92,Active,5267,2025-08-14,2025-12-02,Parcelle Ouest (Siliana),2025-11-02 19:53:24,2025-11-02 19:53:24
TRC-126,Tractor,Landini,5075E,2009,2009-03-09,86287.88,Active,11405,2025-08-17,2025-10-20,Zone Irrigation (Bizerte),2025-11-02 19:53:24,2025-11-02 19:53:24
TRC-127,Tractor,Case IH,5075E,2021,2021-08-17,106585.97,Active,2719,2025-08-06,2025-11-29,Oliveraie (Sfax),2025-11-02 19:53:24,2025-11-02 19:53:24
TRC-128,Tractor,Landini,5075E,2020,2021-11-01,87299.05,Active,3222,2025-08-21,2025-10-26,Zone Irrigation (Bizerte),2025-11-02 19:53:24,2025-11-02 19:53:24
TRC-129,Tractor,Deutz-Fahr,Farmall 75C,2017,2017-02-11,152995.69,Active,4296,2025-08-24,2025-11-29,Champ Céréales (Manouba),2025-11-02 19:53:24,2025-11-02 19:53:24
TRC-130,Tractor,Deutz-Fahr,5075E,2020,2021-10-17,115387.73,Active,3257,2025-08-14,2025-11-26,Champ Sud (Kairouan),2025-11-02 19:53:24,2025-11-02 19:53:24
TRC-131,Tractor,Deutz-Fahr,Agrofarm 420,2024,2024-07-15,186570.92,Active,627,2025-09-08,2025-12-03,Serre (Nabeul),2025-11-02 19:53:24,2025-11-02 19:53:24
TRC-132,Tractor,New Holland,5075E,2017,2018-06-22,110586.78,Active,6143,2025-09-03,2025-11-06,Champ Sud (Kairouan),2025-11-02 19:53:24,2025-11-02 19:53:24
TRC-133,Tractor,New Holland,TD5.85,2022,2023-02-24,168655.52,Active,2193,2025-08-27,2025-11-30,Champ Céréales (Manouba),2025-11-02 19:53:24,2025-11-02 19:53:24
TRC-134,Tractor,John Deere,Agrofarm 420,2016,2016-07-12,184832.88,Active,6882,2025-08-06,2025-11-20,Champ Nord (Béja),2025-11-02 19:53:24,2025-11-02 19:53:24
TRC-135,Tractor,John Deere,Powerfarm 95,2021,2022-06-04,149350.22,Active,2301,2025-09-19,2026-01-11,Champ Sud (Kairouan),2025-11-02 19:53:24,2025-11-02 19:53:24
TRC-136,Tractor,John Deere,Powerfarm 95,2011,2012-02-25,113428.19,Active,8103,2025-08-29,2025-12-16,Verger (Cap Bon),2025-11-02 19:53:24,2025-11-02 19:53:24
TRC-137,Tractor,Landini,Agrofarm 420,2021,2021-10-22,179535.29,Active,2358,2025-08-20,2025-12-06,Hangar Principal,2025-11-02 19:53:24,2025-11-02 19:53:24
TRC-138,Tractor,John Deere,5075E,2019,2019-03-28,97190.18,Active,4145,2025-08-17,2025-11-25,Champ Nord (Béja),2025-11-02 19:53:24,2025-11-02 19:53:24
TRC-139,Tractor,New Holland,Agrofarm 420,2014,2014-07-14,134437.49,Active,6170,2025-09-13,2025-12-31,Verger (Cap Bon),2025-11-02 19:53:24,2025-11-02 19:53:24
TRC-140,Tractor,Landini,TD5.85,2022,2022-03-06,170532.31,Active,1598,2025-09-05,2025-12-16,Dépôt Matériel,2025-11-02 19:53:24,2025-11-02 19:53:24
TRC-141,Tractor,Case IH,Powerfarm 95,2017,2018-07-09,105868.28,Active,5225,2025-09-26,2025-12-13,Oliveraie (Sfax),2025-11-02 19:53:24,2025-11-02 19:53:24
TRC-142,Tractor,Deutz-Fahr,Powerfarm 95,2012,2013-09-22,117010.33,Retired,7505,2025-04-22,,Champ Nord (Béja),2025-11-02 19:53:24,2025-11-02 19:53:24
TRC-143,Tractor,Massey Ferguson,5075E,2024,2024-03-25,110662.34,Active,605,2025-08-17,2025-11-12,Parcelle Est (Jendouba),2025-11-02 19:53:24,2025-11-02 19:53:24
TRC-144,Tractor,Massey Ferguson,Farmall 75C,2017,2017-09-18,180002.5,Active,5836,2025-08-09,2025-11-24,Champ Nord (Béja),2025-11-02 19:53:24,2025-11-02 19:53:24
TRC-145,Tractor,Case IH,TD5.85,2016,2017-02-28,117567.28,Active,5684,2025-08-24,2025-11-18,Hangar Principal,2025-11-02 19:53:24,2025-11-02 19:53:24
TRC-146,Tractor,New Holland,Farmall 75C,2014,2014-06-06,176158.66,Active,7487,2025-08-06,2025-10-28,Champ Sud (Kairouan),2025-11-02 19:53:24,2025-11-02 19:53:24
TRC-147,Tractor,Case IH,TD5.85,2022,2022-07-19,128053.98,Under Maintenance,1621,2025-10-27,2026-01-16,Parcelle Ouest (Siliana),2025-11-02 19:53:24,2025-11-02 19:53:24
TRC-148,Tractor,John Deere,MF 5710,2023,2023-09-21,93683.2,Under Maintenance,1305,2025-10-30,2026-01-20,Serre (Nabeul),2025-11-02 19:53:24,2025-11-02 19:53:24
TRC-149,Tractor,Deutz-Fahr,MF 5710,2015,2015-02-05,110716.19,Active,5651,2025-08-16,2025-11-25,Champ Sud (Kairouan),2025-11-02 19:53:24,2025-11-02 19:53:24
TRC-150,Tractor,Massey Ferguson,Agrofarm 420,2016,2017-08-25,147648.26,Active,6035,2025-08-08,2025-11-12,Oliveraie (Sfax),2025-11-02 19:53:24,2025-11-02 19:53:24
TRC-151,Tractor,Deutz-Fahr,Powerfarm 95,2016,2017-11-11,98114.89,Active,4839,2025-09-14,2026-01-02,Hangar Principal,2025-11-02 19:53:24,2025-11-02 19:53:24
TRC-152,Tractor,Landini,TD5.85,2016,2017-09-03,117248.94,Active,5737,2025-08-11,2025-10-28,Champ Sud (Kairouan),2025-11-02 19:53:24,2025-11-02 19:53:24
TRC-153,Tractor,Deutz-Fahr,TD5.85,2020,2021-08-19,146517.96,Under Maintenance,3629,2025-10-29,2026-02-24,Verger (Cap Bon),2025-11-02 19:53:24,2025-11-02 19:53:24
TRC-154,Tractor,Deutz-Fahr,MF 5710,2017,2018-10-16,140164.08,Active,6152,2025-08-13,2025-12-08,Atelier Mécanique,2025-11-02 19:53:24,2025-11-02 19:53:24
TRC-155,Tractor,Deutz-Fahr,TD5.85,2016,2016-01-08,164914.6,Active,6998,2025-08-25,2025-11-03,Atelier Mécanique,2025-11-02 19:53:24,2025-11-02 19:53:24
TRC-156,Tractor,John Deere,5075E,2020,2021-07-25,120604.06,Active,3377,2025-08-23,2025-11-12,Champ Sud (Kairouan),2025-11-02 19:53:24,2025-11-02 19:53:24
TRC-157,Tractor,John Deere,TD5.85,2010,2011-05-09,166848.04,Under Maintenance,10360,2025-10-26,2026-01-03,Atelier Mécanique,2025-11-02 19:53:24,2025-11-02 19:53:24
TRC-158,Tractor,New Holland,Powerfarm 95,2016,2016-06-10,196123.58,Active,6314,2025-08-26,2025-12-09,Champ Sud (Kairouan),2025-11-02 19:53:24,2025-11-02 19:53:24
TRC-159,Tractor,John Deere,Powerfarm 95,2022,2023-11-26,119417.19,Active,1659,2025-08-04,2025-11-19,Oliveraie (Sfax),2025-11-02 19:53:24,2025-11-02 19:53:24
TRC-160,Tractor,Landini,TD5.85,2015,2016-09-12,82187.66,Retired,6003,2025-02-08,,Zone Irrigation (Bizerte),2025-11-02 19:53:24,2025-11-02 19:53:24
TRC-161,Tractor,Massey Ferguson,MF 5710,2021,2021-03-03,115495.05,Active,2899,2025-08-30,2025-12-21,Serre (Nabeul),2025-11-02 19:53:24,2025-11-02 19:53:24
TRC-162,Tractor,Landini,TD5.85,2014,2015-10-05,151669.57,Active,6161,2025-08-20,2025-12-07,Verger (Cap Bon),2025-11-02 19:53:24,2025-11-02 19:53:24
TRC-163,Tractor,Massey Ferguson,Agrofarm 420,2013,2014-01-14,123715.93,Retired,8485,2024-12-01,,Hangar Principal,2025-11-02 19:53:24,2025-11-02 19:53:24
TRC-164,Tractor,Deutz-Fahr,Farmall 75C,2021,2021-09-08,117136.15,Active,2920,2025-08-11,2025-10-22,Atelier Mécanique,2025-11-02 19:53:24,2025-11-02 19:53:24
TRC-165,Tractor,Deutz-Fahr,Powerfarm 95,2014,2015-08-25,113812.61,Active,6812,2025-09-23,2026-01-13,Parcelle Ouest (Siliana),2025-11-02 19:53:24,2025-11-02 19:53:24
TRC-166,Tractor,Landini,MF 5710,2016,2017-01-21,137670.88,Under Maintenance,5548,2025-10-27,2026-02-18,Champ Céréales (Manouba),2025-11-02 19:53:24,2025-11-02 19:53:24
TRC-167,Tractor,New Holland,5075E,2014,2014-03-09,133918.31,Active,7188,2025-09-28,2026-01-26,Parcelle Ouest (Siliana),2025-11-02 19:53:24,2025-11-02 19:53:24
TRC-168,Tractor,Case IH,5075E,2010,2010-07-02,127574.48,Active,9258,2025-09-28,2025-12-20,Parcelle Ouest (Siliana),2025-11-02 19:53:24,2025-11-02 19:53:24
TRC-169,Tractor,New Holland,5075E,2018,2018-12-21,120234.84,Active,3905,2025-08-06,2025-11-27,Zone Irrigation (Bizerte),2025-11-02 19:53:24,2025-11-02 19:53:24
TRC-170,Tractor,Deutz-Fahr,MF 5710,2021,2022-08-20,80630.14,Active,2162,2025-08-11,2025-10-19,Champ Céréales (Manouba),2025-11-02 19:53:24,2025-11-02 19:53:24
TRC-171,Tractor,Deutz-Fahr,Powerfarm 95,2021,2022-02-25,114572.19,Active,2393,2025-09-07,2025-12-16,Verger (Cap Bon),2025-11-02 19:53:24,2025-11-02 19:53:24
TRC-172,Tractor,Case IH,TD5.85,2021,2021-08-20,144326.45,Active,2737,2025-08-19,2025-10-27,Hangar Principal,2025-11-02 19:53:24,2025-11-02 19:53:24
TRC-173,Tractor,Case IH,TD5.85,2018,2019-04-19,129988.11,Active,4849,2025-09-10,2025-11-13,Champ Céréales (Manouba),2025-11-02 19:53:24,2025-11-02 19:53:24
TRC-174,Tractor,Landini,Powerfarm 95,2016,2016-07-28,136416.21,Retired,6167,2025-03-03,,Serre (Nabeul),2025-11-02 19:53:24,2025-11-02 19:53:24
TRC-175,Tractor,New Holland,5075E,2016,2016-06-08,167952.92,Active,6150,2025-08-17,2025-12-03,Atelier Mécanique,2025-11-02 19:53:24,2025-11-02 19:53:24
TRC-176,Tractor,Massey Ferguson,TD5.85,2014,2015-09-11,177621.06,Active,6220,2025-09-04,2025-12-17,Zone Irrigation (Bizerte),2025-11-02 19:53:24,2025-11-02 19:53:24
TRC-177,Tractor,Deutz-Fahr,MF 5710,2017,2017-02-23,173142.85,Active,5111,2025-10-01,2026-01-19,Parcelle Ouest (Siliana),2025-11-02 19:53:24,2025-11-02 19:53:24
TRC-178,Tractor,New Holland,5075E,2012,2013-09-13,198694.72,Active,8595,2025-08-16,2025-11-25,Parcelle Ouest (Siliana),2025-11-02 19:53:24,2025-11-02 19:53:24
TRC-179,Tractor,John Deere,5075E,2019,2019-11-11,112785.99,Active,4366,2025-09-08,2025-12-24,Zone Irrigation (Bizerte),2025-11-02 19:53:24,2025-11-02 19:53:24
TRC-180,Tractor,Case IH,5075E,2007,2007-08-23,139702.81,Active,13685,2025-08-13,2025-10-17,Serre (Nabeul),2025-11-02 19:53:24,2025-11-02 19:53:24
